<?xml version="1.0" encoding="UTF-8"?>
<project-private xmlns="http://www.netbeans.org/ns/project-private/1">
    <editor-bookmarks xmlns="http://www.netbeans.org/ns/editor-bookmarks/2" lastBookmarkId="0"/>
    <open-files xmlns="http://www.netbeans.org/ns/projectui-open-files/2">
        <group>
            <file>file:/C:/Users/Ariel/Desktop/Application%20Engineering/Assignment/02_Uber/Lab_3_Skeleton/src/ui/SupplierRole/ManufWorkAreaJPanel.java</file>
            <file>file:/C:/Users/Ariel/Desktop/Application%20Engineering/Assignment/02_Uber/Lab_3_Skeleton/src/ui/CustomerRole/SearchCarJPanel_1.java</file>
            <file>file:/C:/Users/Ariel/Desktop/Application%20Engineering/Assignment/02_Uber/Lab_3_Skeleton/src/ui/SupplierRole/LoginManufJPanel.java</file>
            <file>file:/C:/Users/Ariel/Desktop/Application%20Engineering/Assignment/02_Uber/Lab_3_Skeleton/src/ui/SupplierRole/ViewCarDetailJPanel.java</file>
            <file>file:/C:/Users/Ariel/Desktop/Application%20Engineering/Assignment/02_Uber/Lab_3_Skeleton/src/ui/SupplierRole/CreateNewCarJPanel.java</file>
            <file>file:/C:/Users/Ariel/Desktop/Application%20Engineering/Assignment/02_Uber/Lab_3_Skeleton/src/ui/SupplierRole/SearchResultJPanel.java</file>
            <file>file:/C:/Users/Ariel/Desktop/Application%20Engineering/Assignment/02_Uber/Lab_3_Skeleton/src/ui/CustomerRole/CustomerWorkAreaJPanel.java</file>
            <file>file:/C:/Users/Ariel/Desktop/Application%20Engineering/Assignment/02_Uber/Lab_3_Skeleton/src/ui/CustomerRole/BrowseCarJPanel.java</file>
            <file>file:/C:/Users/Ariel/Desktop/Application%20Engineering/Assignment/02_Uber/Lab_3_Skeleton/src/ui/AdminRole/ViewManufJPanel.java</file>
            <file>file:/C:/Users/Ariel/Desktop/Application%20Engineering/Assignment/02_Uber/Lab_3_Skeleton/src/ui/SupplierRole/ManageCarCatalogJPanel.java</file>
            <file>file:/C:/Users/Ariel/Desktop/Application%20Engineering/Assignment/02_Uber/Lab_3_Skeleton/src/ui/SupplierRole/SearchForCarJPanel.java</file>
        </group>
    </open-files>
</project-private>
